<?xml version = '1.0' encoding = 'UTF-8'?>
<Entity class="oracle.dbtools.crest.model.design.logical.Entity" directorySegmentName="seg_0" id="072CE641-1462-80F5-661E-50BF29B2D76C" name="ARTIST">
<createdBy>liana</createdBy>
<createdTime>2023-11-13 07:40:28 UTC</createdTime>
<ownerDesignName>mau</ownerDesignName>
<engineerTo>
<item key="141B7A81-6B2B-B033-7F73-8D9A43319D11" value="true"/>
</engineerTo>
<adequatelyNormalized>NO</adequatelyNormalized>
<expectedVolumes>0</expectedVolumes>
<fwdEngineeringStrategyName>Single Table</fwdEngineeringStrategyName>
<growthPercent>0</growthPercent>
<growthType>Year</growthType>
<maxVolumes>9999999</maxVolumes>
<minVolumes>0</minVolumes>
<normalForm>Third</normalForm>
<attributes itemClass="oracle.dbtools.crest.model.design.logical.Attribute">
<Attribute name="artist_code" id="49E8957A-E2D9-4B29-10D2-723B49A70913">
<createdBy>liana</createdBy>
<createdTime>2023-11-13 07:40:36 UTC</createdTime>
<commentInRDBMS><![CDATA[Artist code]]></commentInRDBMS>
<ownerDesignName>mau</ownerDesignName>
<engineerTo>
<item key="141B7A81-6B2B-B033-7F73-8D9A43319D11" value="true"/>
</engineerTo>
<useDomainConstraints>false</useDomainConstraints>
<use>1</use>
<logicalDatatype>LOGDT019</logicalDatatype>
<dataTypePrecision>4</dataTypePrecision>
<ownDataTypeParameters>,4,</ownDataTypeParameters>
</Attribute>
<Attribute name="artist_gname" id="E51CDE0E-F8E4-2AC6-CAFE-6809FBE0656F">
<createdBy>liana</createdBy>
<createdTime>2023-11-13 07:41:20 UTC</createdTime>
<commentInRDBMS><![CDATA[Artist's given name]]></commentInRDBMS>
<ownerDesignName>mau</ownerDesignName>
<engineerTo>
<item key="141B7A81-6B2B-B033-7F73-8D9A43319D11" value="true"/>
</engineerTo>
<useDomainConstraints>false</useDomainConstraints>
<use>1</use>
<logicalDatatype>LOGDT024</logicalDatatype>
<dataTypeSize>20</dataTypeSize>
<ownDataTypeParameters>20,,</ownDataTypeParameters>
</Attribute>
<Attribute name="artist_fname" id="8F41DEC1-A9C4-7F35-9B42-A21A56E3FDE7">
<createdBy>liana</createdBy>
<createdTime>2023-11-13 07:41:50 UTC</createdTime>
<commentInRDBMS><![CDATA[Artist's family name]]></commentInRDBMS>
<ownerDesignName>mau</ownerDesignName>
<engineerTo>
<item key="141B7A81-6B2B-B033-7F73-8D9A43319D11" value="true"/>
</engineerTo>
<useDomainConstraints>false</useDomainConstraints>
<use>1</use>
<logicalDatatype>LOGDT024</logicalDatatype>
<dataTypeSize>20</dataTypeSize>
<ownDataTypeParameters>20,,</ownDataTypeParameters>
</Attribute>
<Attribute name="artist_contact_address" id="E300F4D7-7959-F1BA-E0A6-51988690A453">
<createdBy>liana</createdBy>
<createdTime>2023-11-13 07:42:06 UTC</createdTime>
<commentInRDBMS><![CDATA[Artist's contact address]]></commentInRDBMS>
<ownerDesignName>mau</ownerDesignName>
<engineerTo>
<item key="141B7A81-6B2B-B033-7F73-8D9A43319D11" value="true"/>
</engineerTo>
<useDomainConstraints>false</useDomainConstraints>
<use>1</use>
<logicalDatatype>LOGDT024</logicalDatatype>
<dataTypeSize>100</dataTypeSize>
<ownDataTypeParameters>100,,</ownDataTypeParameters>
</Attribute>
<Attribute name="artist_phone" id="9D41EAA4-437D-A398-CD3C-750DA9ECA5E9">
<createdBy>liana</createdBy>
<createdTime>2023-11-13 07:42:46 UTC</createdTime>
<commentInRDBMS><![CDATA[Artist's phone number]]></commentInRDBMS>
<ownerDesignName>mau</ownerDesignName>
<engineerTo>
<item key="141B7A81-6B2B-B033-7F73-8D9A43319D11" value="true"/>
</engineerTo>
<nullsAllowed>true</nullsAllowed>
<useDomainConstraints>false</useDomainConstraints>
<use>1</use>
<logicalDatatype>LOGDT025</logicalDatatype>
<dataTypeSize>12</dataTypeSize>
<ownDataTypeParameters>12,,</ownDataTypeParameters>
</Attribute>
<Attribute name="artist_num_artworks" id="3F84197D-4B66-81D4-B6E9-1B70762A3A35">
<createdBy>liana</createdBy>
<createdTime>2023-11-13 07:43:13 UTC</createdTime>
<commentInRDBMS><![CDATA[The number of artworks created by the artist]]></commentInRDBMS>
<ownerDesignName>mau</ownerDesignName>
<engineerTo>
<item key="141B7A81-6B2B-B033-7F73-8D9A43319D11" value="true"/>
</engineerTo>
<useDomainConstraints>false</useDomainConstraints>
<use>1</use>
<logicalDatatype>LOGDT019</logicalDatatype>
<dataTypePrecision>3</dataTypePrecision>
<ownDataTypeParameters>,3,</ownDataTypeParameters>
</Attribute>
<Attribute name="artist_code1" id="7E506DC4-C13C-43B3-5A6A-1ADCF4E27236">
<createdBy>liana</createdBy>
<createdTime>2023-11-13 08:24:19 UTC</createdTime>
<commentInRDBMS><![CDATA[Artist code]]></commentInRDBMS>
<generatorID>935ED12A-0DFE-36B8-A045-45F389605C58</generatorID>
<ownerDesignName>mau</ownerDesignName>
<engineerTo>
<item key="141B7A81-6B2B-B033-7F73-8D9A43319D11" value="true"/>
</engineerTo>
<nullsAllowed>true</nullsAllowed>
<referedAttribute>49E8957A-E2D9-4B29-10D2-723B49A70913</referedAttribute>
<useDomainConstraints>false</useDomainConstraints>
<use>1</use>
<logicalDatatype>LOGDT019</logicalDatatype>
<dataTypePrecision>4</dataTypePrecision>
<ownDataTypeParameters>,4,</ownDataTypeParameters>
</Attribute>
</attributes>
<identifiers itemClass="oracle.dbtools.crest.model.design.logical.CandidateKey">
<identifier id="3AF68249-4128-0402-0439-535E361A9B2D" name="ARTIST PK">
<createdBy>liana</createdBy>
<createdTime>2023-11-13 07:41:13 UTC</createdTime>
<ownerDesignName>mau</ownerDesignName>
<engineerTo>
<item key="141B7A81-6B2B-B033-7F73-8D9A43319D11" value="true"/>
</engineerTo>
<pk>true</pk>
<usedAttributes>
<attributeRef>49E8957A-E2D9-4B29-10D2-723B49A70913</attributeRef>
</usedAttributes>
</identifier>
</identifiers>
</Entity>
