<?xml version = '1.0' encoding = 'UTF-8'?>
<Entity class="oracle.dbtools.crest.model.design.logical.Entity" directorySegmentName="seg_0" id="BEDFB95C-B5F4-5D59-6062-45B2584B76F1" name="GALLERY">
<createdBy>liana</createdBy>
<createdTime>2023-11-13 08:12:31 UTC</createdTime>
<ownerDesignName>mau</ownerDesignName>
<engineerTo>
<item key="141B7A81-6B2B-B033-7F73-8D9A43319D11" value="true"/>
</engineerTo>
<adequatelyNormalized>NO</adequatelyNormalized>
<expectedVolumes>0</expectedVolumes>
<fwdEngineeringStrategyName>Single Table</fwdEngineeringStrategyName>
<growthPercent>0</growthPercent>
<growthType>Year</growthType>
<maxVolumes>9999999</maxVolumes>
<minVolumes>0</minVolumes>
<normalForm>Third</normalForm>
<attributes itemClass="oracle.dbtools.crest.model.design.logical.Attribute">
<Attribute name="gal_id" id="98DE1A9E-C0CB-CA7E-FCC0-DE3F610EA7EC">
<createdBy>liana</createdBy>
<createdTime>2023-11-13 08:12:38 UTC</createdTime>
<commentInRDBMS><![CDATA[Gallery ID]]></commentInRDBMS>
<ownerDesignName>mau</ownerDesignName>
<engineerTo>
<item key="141B7A81-6B2B-B033-7F73-8D9A43319D11" value="true"/>
</engineerTo>
<useDomainConstraints>false</useDomainConstraints>
<use>1</use>
<logicalDatatype>LOGDT019</logicalDatatype>
<dataTypePrecision>4</dataTypePrecision>
<ownDataTypeParameters>,4,</ownDataTypeParameters>
</Attribute>
<Attribute name="gal_name" id="6124B688-06DB-5DCA-BF88-6F7B9D7984E9">
<createdBy>liana</createdBy>
<createdTime>2023-11-13 08:13:08 UTC</createdTime>
<commentInRDBMS><![CDATA[Gallery name]]></commentInRDBMS>
<ownerDesignName>mau</ownerDesignName>
<engineerTo>
<item key="141B7A81-6B2B-B033-7F73-8D9A43319D11" value="true"/>
</engineerTo>
<useDomainConstraints>false</useDomainConstraints>
<use>1</use>
<logicalDatatype>LOGDT024</logicalDatatype>
<dataTypeSize>50</dataTypeSize>
<ownDataTypeParameters>50,,</ownDataTypeParameters>
</Attribute>
<Attribute name="gal_manager" id="D17EC08D-6C53-CBFB-19F0-BDFCCB6B7D2F">
<createdBy>liana</createdBy>
<createdTime>2023-11-13 08:13:24 UTC</createdTime>
<commentInRDBMS><![CDATA[Gallery Manager's Name]]></commentInRDBMS>
<ownerDesignName>mau</ownerDesignName>
<engineerTo>
<item key="141B7A81-6B2B-B033-7F73-8D9A43319D11" value="true"/>
</engineerTo>
<useDomainConstraints>false</useDomainConstraints>
<use>1</use>
<logicalDatatype>LOGDT024</logicalDatatype>
<dataTypeSize>50</dataTypeSize>
<ownDataTypeParameters>50,,</ownDataTypeParameters>
</Attribute>
<Attribute name="gal_street" id="B642B4DE-7020-C403-08EE-6061E6C116F3">
<createdBy>liana</createdBy>
<createdTime>2023-11-13 08:13:41 UTC</createdTime>
<commentInRDBMS><![CDATA[Gallery street address]]></commentInRDBMS>
<ownerDesignName>mau</ownerDesignName>
<engineerTo>
<item key="141B7A81-6B2B-B033-7F73-8D9A43319D11" value="true"/>
</engineerTo>
<useDomainConstraints>false</useDomainConstraints>
<use>1</use>
<logicalDatatype>LOGDT024</logicalDatatype>
<dataTypeSize>20</dataTypeSize>
<ownDataTypeParameters>20,,</ownDataTypeParameters>
</Attribute>
<Attribute name="gal_town" id="B412B6DE-2751-1900-6826-C52E2A3EA6CF">
<createdBy>liana</createdBy>
<createdTime>2023-11-13 08:13:59 UTC</createdTime>
<commentInRDBMS><![CDATA[Gallery town address]]></commentInRDBMS>
<ownerDesignName>mau</ownerDesignName>
<engineerTo>
<item key="141B7A81-6B2B-B033-7F73-8D9A43319D11" value="true"/>
</engineerTo>
<useDomainConstraints>false</useDomainConstraints>
<use>1</use>
<logicalDatatype>LOGDT024</logicalDatatype>
<dataTypeSize>20</dataTypeSize>
<ownDataTypeParameters>20,,</ownDataTypeParameters>
</Attribute>
<Attribute name="gal_state" id="07A39E5B-0ED8-359E-468D-262878D57AEC">
<createdBy>liana</createdBy>
<createdTime>2023-11-13 08:14:15 UTC</createdTime>
<commentInRDBMS><![CDATA[Gallery state address]]></commentInRDBMS>
<ownerDesignName>mau</ownerDesignName>
<engineerTo>
<item key="141B7A81-6B2B-B033-7F73-8D9A43319D11" value="true"/>
</engineerTo>
<useDomainConstraints>false</useDomainConstraints>
<use>1</use>
<logicalDatatype>LOGDT024</logicalDatatype>
<dataTypeSize>20</dataTypeSize>
<ownDataTypeParameters>20,,</ownDataTypeParameters>
</Attribute>
<Attribute name="gal_contact_phone" id="AA97B409-1F8F-1B9F-90CD-CF1EB31C2617">
<createdBy>liana</createdBy>
<createdTime>2023-11-13 08:14:30 UTC</createdTime>
<commentInRDBMS><![CDATA[Gallery contact phone number]]></commentInRDBMS>
<ownerDesignName>mau</ownerDesignName>
<engineerTo>
<item key="141B7A81-6B2B-B033-7F73-8D9A43319D11" value="true"/>
</engineerTo>
<useDomainConstraints>false</useDomainConstraints>
<use>1</use>
<logicalDatatype>LOGDT025</logicalDatatype>
<dataTypeSize>12</dataTypeSize>
<ownDataTypeParameters>12,,</ownDataTypeParameters>
</Attribute>
<Attribute name="gal_commission" id="E2CCE2EF-FD55-1C72-E8EE-4AD29A0FB5B9">
<createdBy>liana</createdBy>
<createdTime>2023-11-13 08:14:53 UTC</createdTime>
<commentInRDBMS><![CDATA[Gallery commission (XX.XX%)]]></commentInRDBMS>
<ownerDesignName>mau</ownerDesignName>
<engineerTo>
<item key="141B7A81-6B2B-B033-7F73-8D9A43319D11" value="true"/>
</engineerTo>
<useDomainConstraints>false</useDomainConstraints>
<use>1</use>
<logicalDatatype>LOGDT019</logicalDatatype>
<dataTypePrecision>2</dataTypePrecision>
<dataTypeScale>2</dataTypeScale>
<ownDataTypeParameters>,2,2</ownDataTypeParameters>
</Attribute>
<Attribute name="gal_open" id="A66FAE2A-3F7D-1AFC-1BC0-A4F9FCC44608">
<createdBy>liana</createdBy>
<createdTime>2023-11-13 08:15:39 UTC</createdTime>
<commentInRDBMS><![CDATA[Gallery open time]]></commentInRDBMS>
<ownerDesignName>mau</ownerDesignName>
<engineerTo>
<item key="141B7A81-6B2B-B033-7F73-8D9A43319D11" value="true"/>
</engineerTo>
<nullsAllowed>true</nullsAllowed>
<useDomainConstraints>false</useDomainConstraints>
<use>1</use>
<logicalDatatype>LOGDT007</logicalDatatype>
<ownDataTypeParameters>,,</ownDataTypeParameters>
</Attribute>
<Attribute name="gal_close" id="10F69178-A6BB-911E-61FC-1B55634A80D4">
<createdBy>liana</createdBy>
<createdTime>2023-11-13 08:16:02 UTC</createdTime>
<commentInRDBMS><![CDATA[Gallery closing time]]></commentInRDBMS>
<ownerDesignName>mau</ownerDesignName>
<engineerTo>
<item key="141B7A81-6B2B-B033-7F73-8D9A43319D11" value="true"/>
</engineerTo>
<nullsAllowed>true</nullsAllowed>
<useDomainConstraints>false</useDomainConstraints>
<use>1</use>
<logicalDatatype>LOGDT007</logicalDatatype>
<ownDataTypeParameters>,,</ownDataTypeParameters>
</Attribute>
</attributes>
<identifiers itemClass="oracle.dbtools.crest.model.design.logical.CandidateKey">
<identifier id="0AB1FECA-C561-91A1-054B-76A03993712F" name="GALLERY PK">
<createdBy>liana</createdBy>
<createdTime>2023-11-13 08:12:53 UTC</createdTime>
<ownerDesignName>mau</ownerDesignName>
<engineerTo>
<item key="141B7A81-6B2B-B033-7F73-8D9A43319D11" value="true"/>
</engineerTo>
<pk>true</pk>
<usedAttributes>
<attributeRef>98DE1A9E-C0CB-CA7E-FCC0-DE3F610EA7EC</attributeRef>
</usedAttributes>
</identifier>
</identifiers>
</Entity>
