<?xml version = '1.0' encoding = 'UTF-8'?>
<Entity class="oracle.dbtools.crest.model.design.logical.Entity" directorySegmentName="seg_0" id="DE6366EB-05DC-29EC-753D-9C140940F73D" name="CUSTOMER">
<createdBy>liana</createdBy>
<createdTime>2023-11-13 08:19:50 UTC</createdTime>
<ownerDesignName>mau</ownerDesignName>
<engineerTo>
<item key="141B7A81-6B2B-B033-7F73-8D9A43319D11" value="true"/>
</engineerTo>
<adequatelyNormalized>NO</adequatelyNormalized>
<expectedVolumes>0</expectedVolumes>
<fwdEngineeringStrategyName>Single Table</fwdEngineeringStrategyName>
<growthPercent>0</growthPercent>
<growthType>Year</growthType>
<maxVolumes>9999999</maxVolumes>
<minVolumes>0</minVolumes>
<normalForm>Third</normalForm>
<attributes itemClass="oracle.dbtools.crest.model.design.logical.Attribute">
<Attribute name="cust_id" id="5BE7AF71-A4B3-BD36-E47F-9146DC636A83">
<createdBy>liana</createdBy>
<createdTime>2023-11-13 08:19:54 UTC</createdTime>
<commentInRDBMS><![CDATA[Customer ID]]></commentInRDBMS>
<ownerDesignName>mau</ownerDesignName>
<engineerTo>
<item key="141B7A81-6B2B-B033-7F73-8D9A43319D11" value="true"/>
</engineerTo>
<useDomainConstraints>false</useDomainConstraints>
<use>1</use>
<logicalDatatype>LOGDT019</logicalDatatype>
<dataTypePrecision>7</dataTypePrecision>
<ownDataTypeParameters>,7,</ownDataTypeParameters>
</Attribute>
<Attribute name="cust_name" id="EDFB2233-D6F2-53E0-EE15-5B4C8C18DD40">
<createdBy>liana</createdBy>
<createdTime>2023-11-13 08:20:08 UTC</createdTime>
<commentInRDBMS><![CDATA[Customer personal name]]></commentInRDBMS>
<ownerDesignName>mau</ownerDesignName>
<engineerTo>
<item key="141B7A81-6B2B-B033-7F73-8D9A43319D11" value="true"/>
</engineerTo>
<useDomainConstraints>false</useDomainConstraints>
<use>1</use>
<logicalDatatype>LOGDT024</logicalDatatype>
<dataTypeSize>50</dataTypeSize>
<ownDataTypeParameters>50,,</ownDataTypeParameters>
</Attribute>
<Attribute name="cust_address" id="8A18BD60-7783-40F1-3681-7BBD7993D755">
<createdBy>liana</createdBy>
<createdTime>2023-11-13 08:20:22 UTC</createdTime>
<commentInRDBMS><![CDATA[Customer address]]></commentInRDBMS>
<ownerDesignName>mau</ownerDesignName>
<engineerTo>
<item key="141B7A81-6B2B-B033-7F73-8D9A43319D11" value="true"/>
</engineerTo>
<useDomainConstraints>false</useDomainConstraints>
<use>1</use>
<logicalDatatype>LOGDT024</logicalDatatype>
<dataTypeSize>100</dataTypeSize>
<ownDataTypeParameters>100,,</ownDataTypeParameters>
</Attribute>
<Attribute name="cust_contact_phone" id="C5238B05-7E59-BA40-4901-63F966B75FC2">
<createdBy>liana</createdBy>
<createdTime>2023-11-13 08:20:37 UTC</createdTime>
<commentInRDBMS><![CDATA[Customer phone number]]></commentInRDBMS>
<ownerDesignName>mau</ownerDesignName>
<engineerTo>
<item key="141B7A81-6B2B-B033-7F73-8D9A43319D11" value="true"/>
</engineerTo>
<useDomainConstraints>false</useDomainConstraints>
<use>1</use>
<logicalDatatype>LOGDT025</logicalDatatype>
<dataTypeSize>12</dataTypeSize>
<ownDataTypeParameters>12,,</ownDataTypeParameters>
</Attribute>
<Attribute name="cust_business_name" id="485A1AEA-43EA-32E5-88DA-01C226878F2C">
<createdBy>liana</createdBy>
<createdTime>2023-11-13 08:20:59 UTC</createdTime>
<commentInRDBMS><![CDATA[Customer business name]]></commentInRDBMS>
<ownerDesignName>mau</ownerDesignName>
<engineerTo>
<item key="141B7A81-6B2B-B033-7F73-8D9A43319D11" value="true"/>
</engineerTo>
<nullsAllowed>true</nullsAllowed>
<useDomainConstraints>false</useDomainConstraints>
<use>1</use>
<logicalDatatype>LOGDT024</logicalDatatype>
<dataTypeSize>50</dataTypeSize>
<ownDataTypeParameters>50,,</ownDataTypeParameters>
</Attribute>
</attributes>
<identifiers itemClass="oracle.dbtools.crest.model.design.logical.CandidateKey">
<identifier id="77289AFF-F4DB-9F0F-37B9-9D3049FCEF63" name="CUSTOMER PK">
<createdBy>liana</createdBy>
<createdTime>2023-11-13 08:20:03 UTC</createdTime>
<ownerDesignName>mau</ownerDesignName>
<engineerTo>
<item key="141B7A81-6B2B-B033-7F73-8D9A43319D11" value="true"/>
</engineerTo>
<pk>true</pk>
<usedAttributes>
<attributeRef>5BE7AF71-A4B3-BD36-E47F-9146DC636A83</attributeRef>
</usedAttributes>
</identifier>
</identifiers>
</Entity>
