<?xml version = '1.0' encoding = 'UTF-8'?>
<Relation class="oracle.dbtools.crest.model.design.logical.Relation" name="GALLERY_HISTORY" directorySegmentName="seg_0" id="354BA0B4-2E1A-0EF5-2F83-787F3A086071">
<createdBy>liana</createdBy>
<createdTime>2023-11-14 08:06:32 UTC</createdTime>
<ownerDesignName>mau</ownerDesignName>
<engineerTo>
<item key="141B7A81-6B2B-B033-7F73-8D9A43319D11" value="true"/>
</engineerTo>
<sourcePk>0AB1FECA-C561-91A1-054B-76A03993712F</sourcePk>
<identifying>false</identifying>
<nameOnSource>is_involved_in</nameOnSource>
<nameOnTarget> </nameOnTarget>
<optionalSource>true</optionalSource>
<optionalTarget>true</optionalTarget>
<sourceCardinality>1</sourceCardinality>
<sourceEntity>BEDFB95C-B5F4-5D59-6062-45B2584B76F1</sourceEntity>
<targetCardinalityString>*</targetCardinalityString>
<targetEntity>CB2D56B5-E412-9D3E-DE54-D10CE19AEBD5</targetEntity>
<transferable>true</transferable>
<deleteRule>NO ACTION</deleteRule>
</Relation>
