<?xml version = '1.0' encoding = 'UTF-8'?>
<Relation class="oracle.dbtools.crest.model.design.logical.Relation" name="EXHIBIT_SALE" directorySegmentName="seg_0" id="82864EA7-294F-59BC-1219-C8C2613BDF19">
<createdBy>liana</createdBy>
<createdTime>2023-11-13 08:19:08 UTC</createdTime>
<ownerDesignName>mau</ownerDesignName>
<engineerTo>
<item key="141B7A81-6B2B-B033-7F73-8D9A43319D11" value="true"/>
</engineerTo>
<sourcePk>C344B700-B898-EF0F-93A9-95B101D02219</sourcePk>
<identifying>false</identifying>
<nameOnSource>facilitates_a </nameOnSource>
<nameOnTarget> </nameOnTarget>
<optionalSource>true</optionalSource>
<optionalTarget>false</optionalTarget>
<sourceCardinality>1</sourceCardinality>
<sourceEntity>AF3108AF-C8CD-60F1-2391-697E4593952C</sourceEntity>
<targetCardinalityString>*</targetCardinalityString>
<targetEntity>A30DC627-1103-01DC-A0A0-FF4F94FEF7E5</targetEntity>
<transferable>true</transferable>
<deleteRule>NO ACTION</deleteRule>
</Relation>
