<?xml version = '1.0' encoding = 'UTF-8'?>
<FKIndexAssociation class="oracle.dbtools.crest.model.design.relational.FKIndexAssociation" directorySegmentName="seg_0" id="27233A77-45DA-5B5D-3026-F51B384F5EC0" containerWithKeyObject="C392ABE4-38F8-4771-765C-38EA50B577F4" localFKIndex="108FE9B5-E6A6-DF3E-FE7C-8C2D5AE1F974" name="ARTWORK_EXHIBIT">
<createdBy>liana</createdBy>
<createdTime>2023-11-17 07:50:22 UTC</createdTime>
<generatorID>6164C307-47CB-87DF-5B1B-78B4AD708148</generatorID>
<ownerDesignName>mau</ownerDesignName>
<referredTableLongName>ARTWORK</referredTableLongName>
<deleteRule>NO ACTION</deleteRule>
<referredTableID>C335716C-EBDD-3AD8-FEA2-878785CDD221</referredTableID>
<keyObject>BB05A1C1-3FB8-D339-3FA9-39453CB0F68A</keyObject>
<referredKeyID>BB05A1C1-3FB8-D339-3FA9-39453CB0F68A</referredKeyID>
<mandatory>true</mandatory>
<refColNames>art_number,artist_code</refColNames>
<transferable>true</transferable>
<rely>false</rely>
<columnDependencyConstraintGenerateInDDL>true</columnDependencyConstraintGenerateInDDL>
</FKIndexAssociation>
