<?xml version = '1.0' encoding = 'UTF-8'?>
<FKIndexAssociation class="oracle.dbtools.crest.model.design.relational.FKIndexAssociation" directorySegmentName="seg_0" id="B34C07F5-4D0D-5A09-40EF-E787A73D6429" containerWithKeyObject="C392ABE4-38F8-4771-765C-38EA50B577F4" localFKIndex="4E6BBE7F-D7CD-E564-A4B2-2D5981A60A3E" name="GALLERY_EXHIBIT">
<createdBy>liana</createdBy>
<createdTime>2023-11-17 07:50:22 UTC</createdTime>
<generatorID>EBC44CBE-7774-3090-6853-258375330E4B</generatorID>
<ownerDesignName>mau</ownerDesignName>
<referredTableLongName>GALLERY</referredTableLongName>
<deleteRule>NO ACTION</deleteRule>
<referredTableID>AF9F52AC-3E88-FF68-0087-A69B2D271320</referredTableID>
<keyObject>482C7140-7AA0-AC37-D7F8-AE9D276A1674</keyObject>
<referredKeyID>482C7140-7AA0-AC37-D7F8-AE9D276A1674</referredKeyID>
<mandatory>true</mandatory>
<refColNames>gal_id</refColNames>
<transferable>true</transferable>
<rely>false</rely>
<columnDependencyConstraintGenerateInDDL>true</columnDependencyConstraintGenerateInDDL>
</FKIndexAssociation>
