<?xml version = '1.0' encoding = 'UTF-8'?>
<Diagram class="oracle.dbtools.crest.swingui.logical.DPVLogical" name="Logical" id="F751C693-F604-EF4C-275E-8B72D95288D8">
<createdBy>G42</createdBy>
<modifiedBy>G42</modifiedBy>
<createdTime>2023-11-13 07:37:14 UTC</createdTime>
<autoRoute>false</autoRoute>
<boxInbox>true</boxInbox>
<showLegend>true</showLegend>
<showLabels>true</showLabels>
<showRelAttributes>false</showRelAttributes>
<gridEnabled>false</gridEnabled>
<showGrid>false</showGrid>
<diagramColor>-1</diagramColor>
<display>false</display>
<notation>2</notation>
<showAllDetails>false</showAllDetails>
<showElements>true</showElements>
<objectViews>
<OView class="oracle.dbtools.crest.swingui.logical.TVEntity" oid="0309A78D-FB00-4C05-926A-22657628EBE3" otype="Entity" vid="9F17B7DD-6CE0-78E8-AB5C-6FAE0A541C3A">
<hideElementsInCurrentOnly>false</hideElementsInCurrentOnly>
<bounds x="423" y="506" width="173" height="124"/>
</OView>
<OView class="oracle.dbtools.crest.swingui.logical.TVEntity" oid="072CE641-1462-80F5-661E-50BF29B2D76C" otype="Entity" vid="54DD148F-6422-044F-1043-778155E7AE37">
<hideElementsInCurrentOnly>false</hideElementsInCurrentOnly>
<bounds x="68" y="494" width="169" height="132"/>
</OView>
<OView class="oracle.dbtools.crest.swingui.logical.TVEntity" oid="39E22E38-7433-6259-10A8-15D98463F578" otype="Entity" vid="6A5CBF3A-9D86-EBFC-947C-41234F436399">
<hideElementsInCurrentOnly>false</hideElementsInCurrentOnly>
<bounds x="546" y="314" width="170" height="114"/>
</OView>
<OView class="oracle.dbtools.crest.swingui.logical.TVEntity" oid="99070C8A-55AB-3783-1F46-5361D479FE12" otype="Entity" vid="A78FDB08-04D5-5C1A-10C3-D1E5774B12D6">
<hideElementsInCurrentOnly>false</hideElementsInCurrentOnly>
<bounds x="291" y="314" width="170" height="113"/>
</OView>
<OView class="oracle.dbtools.crest.swingui.logical.TVEntity" oid="A30DC627-1103-01DC-A0A0-FF4F94FEF7E5" otype="Entity" vid="27044C64-2085-2F06-4636-327BB2E0D740">
<hideElementsInCurrentOnly>false</hideElementsInCurrentOnly>
<bounds x="777" y="270" width="176" height="145"/>
</OView>
<OView class="oracle.dbtools.crest.swingui.logical.TVEntity" oid="AF3108AF-C8CD-60F1-2391-697E4593952C" otype="Entity" vid="8A1DE9C6-18D4-ABFF-E139-0E8E85C4ADB9">
<hideElementsInCurrentOnly>false</hideElementsInCurrentOnly>
<bounds x="785" y="498" width="170" height="131"/>
</OView>
<OView class="oracle.dbtools.crest.swingui.logical.TVEntity" oid="BEDFB95C-B5F4-5D59-6062-45B2584B76F1" otype="Entity" vid="193EC32A-ADC8-7E66-4242-4D2D3D22CD62">
<hideElementsInCurrentOnly>false</hideElementsInCurrentOnly>
<bounds x="1100" y="472" width="179" height="169"/>
</OView>
<OView class="oracle.dbtools.crest.swingui.logical.TVEntity" oid="CB2D56B5-E412-9D3E-DE54-D10CE19AEBD5" otype="Entity" vid="6217C8A3-8725-1374-049E-A124BA338E23">
<hideElementsInCurrentOnly>false</hideElementsInCurrentOnly>
<bounds x="790" y="763" width="170" height="112"/>
</OView>
<OView class="oracle.dbtools.crest.swingui.TVLegend" oid="D69D5C8C-687A-C8FD-F920-2726E73AEA03" otype="Legend" vid="90F1ED5C-A0BA-4B1C-2932-A81E503BAA4B">
<hideElementsInCurrentOnly>false</hideElementsInCurrentOnly>
<bounds x="10" y="10" width="232" height="135"/>
</OView>
<OView class="oracle.dbtools.crest.swingui.logical.TVEntity" oid="DE6366EB-05DC-29EC-753D-9C140940F73D" otype="Entity" vid="70E8C3E6-C4B8-3F20-AF45-06D97C8F2582">
<hideElementsInCurrentOnly>false</hideElementsInCurrentOnly>
<bounds x="786" y="60" width="170" height="112"/>
</OView>
</objectViews>
<connectors>
<Connector class="oracle.dbtools.crest.swingui.logical.TVRelation" oid="2018F732-B42E-82E9-F909-E6A49F0671A5" otype="Relation" vid_source="54DD148F-6422-044F-1043-778155E7AE37" vid_target="9F17B7DD-6CE0-78E8-AB5C-6FAE0A541C3A">
<hideElementsInCurrentOnly>false</hideElementsInCurrentOnly>
<backgroundColor>-16777216</backgroundColor>
<lineWidth>1</lineWidth>
<sourceLabel class="oracle.dbtools.crest.model.design.Label">
<site>0</site>
<labelBounds x="247" y="533" width="49" height="31"/>
<noBackgroundColor>true</noBackgroundColor>
<noForegroundColor>true</noForegroundColor>
</sourceLabel>
<targetLabel class="oracle.dbtools.crest.model.design.Label">
<site>2</site>
<labelBounds x="399" y="567" width="18" height="31"/>
<noBackgroundColor>true</noBackgroundColor>
<noForegroundColor>true</noForegroundColor>
</targetLabel>
<points>
<point x="237" y="564"/>
<point x="295" y="564"/>
<point x="336" y="564"/>
<point x="423" y="564"/>
</points>
</Connector>
<Connector class="oracle.dbtools.crest.swingui.logical.TVRelation" oid="319AC35A-3D88-BA6D-0BE5-1E8B103923C9" otype="Relation" vid_source="9F17B7DD-6CE0-78E8-AB5C-6FAE0A541C3A" vid_target="6217C8A3-8725-1374-049E-A124BA338E23">
<hideElementsInCurrentOnly>false</hideElementsInCurrentOnly>
<backgroundColor>-16777216</backgroundColor>
<lineWidth>1</lineWidth>
<sourceLabel class="oracle.dbtools.crest.model.design.Label">
<site>0</site>
<labelBounds x="517" y="673" width="31" height="29"/>
<noBackgroundColor>true</noBackgroundColor>
<noForegroundColor>true</noForegroundColor>
</sourceLabel>
<targetLabel class="oracle.dbtools.crest.model.design.Label">
<site>2</site>
<labelBounds x="766" y="821" width="18" height="31"/>
<noBackgroundColor>true</noBackgroundColor>
<noForegroundColor>true</noForegroundColor>
</targetLabel>
<points>
<point x="517" y="630"/>
<point x="517" y="684"/>
<point x="517" y="818"/>
<point x="790" y="818"/>
</points>
</Connector>
<Connector class="oracle.dbtools.crest.swingui.logical.TVRelation" oid="354BA0B4-2E1A-0EF5-2F83-787F3A086071" otype="Relation" vid_source="193EC32A-ADC8-7E66-4242-4D2D3D22CD62" vid_target="6217C8A3-8725-1374-049E-A124BA338E23">
<hideElementsInCurrentOnly>false</hideElementsInCurrentOnly>
<backgroundColor>-16777216</backgroundColor>
<lineWidth>1</lineWidth>
<sourceLabel class="oracle.dbtools.crest.model.design.Label">
<site>0</site>
<labelBounds x="1189" y="678" width="83" height="31"/>
<noBackgroundColor>true</noBackgroundColor>
<noForegroundColor>true</noForegroundColor>
</sourceLabel>
<targetLabel class="oracle.dbtools.crest.model.design.Label">
<site>2</site>
<labelBounds x="970" y="816" width="18" height="31"/>
<noBackgroundColor>true</noBackgroundColor>
<noForegroundColor>true</noForegroundColor>
</targetLabel>
<points>
<point x="1189" y="641"/>
<point x="1189" y="813"/>
<point x="960" y="813"/>
</points>
</Connector>
<Connector class="oracle.dbtools.crest.swingui.logical.TVRelation" oid="6164C307-47CB-87DF-5B1B-78B4AD708148" otype="Relation" vid_source="9F17B7DD-6CE0-78E8-AB5C-6FAE0A541C3A" vid_target="8A1DE9C6-18D4-ABFF-E139-0E8E85C4ADB9">
<hideElementsInCurrentOnly>false</hideElementsInCurrentOnly>
<backgroundColor>-16777216</backgroundColor>
<lineWidth>1</lineWidth>
<sourceLabel class="oracle.dbtools.crest.model.design.Label">
<site>0</site>
<labelBounds x="606" y="538" width="37" height="29"/>
<noBackgroundColor>true</noBackgroundColor>
<noForegroundColor>true</noForegroundColor>
</sourceLabel>
<targetLabel class="oracle.dbtools.crest.model.design.Label">
<site>2</site>
<labelBounds x="762" y="570" width="17" height="34"/>
<noBackgroundColor>true</noBackgroundColor>
<noForegroundColor>true</noForegroundColor>
</targetLabel>
<points>
<point x="596" y="567"/>
<point x="785" y="567"/>
</points>
</Connector>
<Connector class="oracle.dbtools.crest.swingui.logical.TVRelation" oid="65EFDD6D-A438-C200-3671-969706884B60" otype="Relation" vid_source="70E8C3E6-C4B8-3F20-AF45-06D97C8F2582" vid_target="27044C64-2085-2F06-4636-327BB2E0D740">
<hideElementsInCurrentOnly>false</hideElementsInCurrentOnly>
<backgroundColor>-16777216</backgroundColor>
<lineWidth>1</lineWidth>
<sourceLabel class="oracle.dbtools.crest.model.design.Label">
<site>0</site>
<labelBounds x="869" y="209" width="56" height="31"/>
<noBackgroundColor>true</noBackgroundColor>
<noForegroundColor>true</noForegroundColor>
</sourceLabel>
<targetLabel class="oracle.dbtools.crest.model.design.Label">
<site>2</site>
<labelBounds x="869" y="233" width="18" height="31"/>
<noBackgroundColor>true</noBackgroundColor>
<noForegroundColor>true</noForegroundColor>
</targetLabel>
<points>
<point x="869" y="172"/>
<point x="869" y="270"/>
</points>
</Connector>
<Connector class="oracle.dbtools.crest.swingui.logical.TVRelation" oid="6DBAF1FA-D133-5C36-599B-A47840548D0A" otype="Relation" vid_source="A78FDB08-04D5-5C1A-10C3-D1E5774B12D6" vid_target="9F17B7DD-6CE0-78E8-AB5C-6FAE0A541C3A">
<hideElementsInCurrentOnly>false</hideElementsInCurrentOnly>
<backgroundColor>-16777216</backgroundColor>
<lineWidth>1</lineWidth>
<sourceLabel class="oracle.dbtools.crest.model.design.Label">
<site>0</site>
<labelBounds x="442" y="464" width="68" height="31"/>
<noBackgroundColor>true</noBackgroundColor>
<noForegroundColor>true</noForegroundColor>
</sourceLabel>
<targetLabel class="oracle.dbtools.crest.model.design.Label">
<site>2</site>
<labelBounds x="442" y="445" width="18" height="31"/>
<noBackgroundColor>true</noBackgroundColor>
<noForegroundColor>true</noForegroundColor>
</targetLabel>
<points>
<point x="442" y="427"/>
<point x="442" y="506"/>
</points>
</Connector>
<Connector class="oracle.dbtools.crest.swingui.logical.TVRelation" oid="82864EA7-294F-59BC-1219-C8C2613BDF19" otype="Relation" vid_source="8A1DE9C6-18D4-ABFF-E139-0E8E85C4ADB9" vid_target="27044C64-2085-2F06-4636-327BB2E0D740">
<hideElementsInCurrentOnly>false</hideElementsInCurrentOnly>
<backgroundColor>-16777216</backgroundColor>
<lineWidth>1</lineWidth>
<sourceLabel class="oracle.dbtools.crest.model.design.Label">
<site>0</site>
<labelBounds x="869" y="453" width="76" height="31"/>
<noBackgroundColor>true</noBackgroundColor>
<noForegroundColor>true</noForegroundColor>
</sourceLabel>
<targetLabel class="oracle.dbtools.crest.model.design.Label">
<site>2</site>
<labelBounds x="869" y="460" width="18" height="31"/>
<noBackgroundColor>true</noBackgroundColor>
<noForegroundColor>true</noForegroundColor>
</targetLabel>
<points>
<point x="869" y="498"/>
<point x="869" y="415"/>
</points>
</Connector>
<Connector class="oracle.dbtools.crest.swingui.logical.TVRelation" oid="931F19D3-0E32-476D-E355-D179A7B7F451" otype="Relation" vid_source="6A5CBF3A-9D86-EBFC-947C-41234F436399" vid_target="9F17B7DD-6CE0-78E8-AB5C-6FAE0A541C3A">
<hideElementsInCurrentOnly>false</hideElementsInCurrentOnly>
<backgroundColor>-16777216</backgroundColor>
<lineWidth>1</lineWidth>
<sourceLabel class="oracle.dbtools.crest.model.design.Label">
<site>0</site>
<labelBounds x="571" y="465" width="68" height="31"/>
<noBackgroundColor>true</noBackgroundColor>
<noForegroundColor>true</noForegroundColor>
</sourceLabel>
<targetLabel class="oracle.dbtools.crest.model.design.Label">
<site>2</site>
<labelBounds x="571" y="437" width="18" height="31"/>
<noBackgroundColor>true</noBackgroundColor>
<noForegroundColor>true</noForegroundColor>
</targetLabel>
<points>
<point x="571" y="428"/>
<point x="571" y="506"/>
</points>
</Connector>
<Connector class="oracle.dbtools.crest.swingui.logical.TVRelation" oid="935ED12A-0DFE-36B8-A045-45F389605C58" otype="Relation" vid_source="54DD148F-6422-044F-1043-778155E7AE37" vid_target="54DD148F-6422-044F-1043-778155E7AE37">
<hideElementsInCurrentOnly>false</hideElementsInCurrentOnly>
<backgroundColor>-16777216</backgroundColor>
<lineWidth>1</lineWidth>
<sourceLabel class="oracle.dbtools.crest.model.design.Label">
<site>0</site>
<labelBounds x="85" y="461" width="76" height="32"/>
<noBackgroundColor>true</noBackgroundColor>
<noForegroundColor>true</noForegroundColor>
</sourceLabel>
<targetLabel class="oracle.dbtools.crest.model.design.Label">
<site>2</site>
<labelBounds x="213" y="434" width="18" height="31"/>
<noBackgroundColor>true</noBackgroundColor>
<noForegroundColor>true</noForegroundColor>
</targetLabel>
<points>
<point x="85" y="494"/>
<point x="85" y="446"/>
<point x="153" y="447"/>
<point x="213" y="447"/>
<point x="213" y="494"/>
</points>
</Connector>
<Connector class="oracle.dbtools.crest.swingui.logical.TVRelation" oid="EBC44CBE-7774-3090-6853-258375330E4B" otype="Relation" vid_source="193EC32A-ADC8-7E66-4242-4D2D3D22CD62" vid_target="8A1DE9C6-18D4-ABFF-E139-0E8E85C4ADB9">
<hideElementsInCurrentOnly>false</hideElementsInCurrentOnly>
<backgroundColor>-16777216</backgroundColor>
<lineWidth>1</lineWidth>
<sourceLabel class="oracle.dbtools.crest.model.design.Label">
<site>0</site>
<labelBounds x="1054" y="532" width="40" height="31"/>
<noBackgroundColor>true</noBackgroundColor>
<noForegroundColor>true</noForegroundColor>
</sourceLabel>
<targetLabel class="oracle.dbtools.crest.model.design.Label">
<site>2</site>
<labelBounds x="965" y="566" width="18" height="31"/>
<noBackgroundColor>true</noBackgroundColor>
<noForegroundColor>true</noForegroundColor>
</targetLabel>
<points>
<point x="1100" y="563"/>
<point x="955" y="563"/>
</points>
</Connector>
</connectors>
</Diagram>
