<?xml version = '1.0' encoding = 'UTF-8'?>
<Table class="oracle.dbtools.crest.model.design.relational.Table" directorySegmentName="seg_0" id="07C8BF44-C58D-EAED-1F98-7E22188BB01A" name="ARTIST">
<createdBy>liana</createdBy>
<createdTime>2023-11-17 07:50:22 UTC</createdTime>
<generatorID>072CE641-1462-80F5-661E-50BF29B2D76C</generatorID>
<ownerDesignName>mau</ownerDesignName>
<allowColumnReorder>false</allowColumnReorder>
<existDependencyGenerateInDDl>true</existDependencyGenerateInDDl>
<parsed>true</parsed>
<columns itemClass="oracle.dbtools.crest.model.design.relational.Column">
<Column name="artist_code" id="17B0BE4F-0CF2-E1E5-2246-B085D034EB99">
<createdBy>liana</createdBy>
<createdTime>2023-11-17 07:50:22 UTC</createdTime>
<commentInRDBMS><![CDATA[Artist code]]></commentInRDBMS>
<generatorID>49E8957A-E2D9-4B29-10D2-723B49A70913</generatorID>
<ownerDesignName>mau</ownerDesignName>
<useDomainConstraints>false</useDomainConstraints>
<use>1</use>
<logicalDatatype>LOGDT019</logicalDatatype>
<dataTypePrecision>4</dataTypePrecision>
<ownDataTypeParameters>,4,</ownDataTypeParameters>
<autoIncrementCycle>false</autoIncrementCycle>
</Column>
<Column name="artist_gname" id="FA890F18-0C01-1FBA-B99B-DFD0CAD1EF94">
<createdBy>liana</createdBy>
<createdTime>2023-11-17 07:50:22 UTC</createdTime>
<commentInRDBMS><![CDATA[Artist's given name]]></commentInRDBMS>
<generatorID>E51CDE0E-F8E4-2AC6-CAFE-6809FBE0656F</generatorID>
<ownerDesignName>mau</ownerDesignName>
<useDomainConstraints>false</useDomainConstraints>
<use>1</use>
<logicalDatatype>LOGDT024</logicalDatatype>
<dataTypeSize>20</dataTypeSize>
<ownDataTypeParameters>20,,</ownDataTypeParameters>
<autoIncrementCycle>false</autoIncrementCycle>
</Column>
<Column name="artist_fname" id="6046851F-A1A3-9624-8342-9733F4CFC803">
<createdBy>liana</createdBy>
<createdTime>2023-11-17 07:50:22 UTC</createdTime>
<commentInRDBMS><![CDATA[Artist's family name]]></commentInRDBMS>
<generatorID>8F41DEC1-A9C4-7F35-9B42-A21A56E3FDE7</generatorID>
<ownerDesignName>mau</ownerDesignName>
<useDomainConstraints>false</useDomainConstraints>
<use>1</use>
<logicalDatatype>LOGDT024</logicalDatatype>
<dataTypeSize>20</dataTypeSize>
<ownDataTypeParameters>20,,</ownDataTypeParameters>
<autoIncrementCycle>false</autoIncrementCycle>
</Column>
<Column name="artist_contact_address" id="63C59B24-CBF9-38B7-CC70-9312AAA21786">
<createdBy>liana</createdBy>
<createdTime>2023-11-17 07:50:22 UTC</createdTime>
<commentInRDBMS><![CDATA[Artist's contact address]]></commentInRDBMS>
<generatorID>E300F4D7-7959-F1BA-E0A6-51988690A453</generatorID>
<ownerDesignName>mau</ownerDesignName>
<useDomainConstraints>false</useDomainConstraints>
<use>1</use>
<logicalDatatype>LOGDT024</logicalDatatype>
<dataTypeSize>100</dataTypeSize>
<ownDataTypeParameters>100,,</ownDataTypeParameters>
<autoIncrementCycle>false</autoIncrementCycle>
</Column>
<Column name="artist_phone" id="CE2565B4-E7CF-1D4A-8CF1-5D17BFA5EC93">
<createdBy>liana</createdBy>
<createdTime>2023-11-17 07:50:22 UTC</createdTime>
<commentInRDBMS><![CDATA[Artist's phone number]]></commentInRDBMS>
<generatorID>9D41EAA4-437D-A398-CD3C-750DA9ECA5E9</generatorID>
<ownerDesignName>mau</ownerDesignName>
<nullsAllowed>true</nullsAllowed>
<useDomainConstraints>false</useDomainConstraints>
<use>1</use>
<logicalDatatype>LOGDT025</logicalDatatype>
<dataTypeSize>12</dataTypeSize>
<ownDataTypeParameters>12,,</ownDataTypeParameters>
<autoIncrementCycle>false</autoIncrementCycle>
</Column>
<Column name="artist_num_artworks" id="DE79BBA9-8B87-FA12-3853-1CDB7C308DB8">
<createdBy>liana</createdBy>
<createdTime>2023-11-17 07:50:22 UTC</createdTime>
<commentInRDBMS><![CDATA[The number of artworks created by the artist]]></commentInRDBMS>
<generatorID>3F84197D-4B66-81D4-B6E9-1B70762A3A35</generatorID>
<ownerDesignName>mau</ownerDesignName>
<useDomainConstraints>false</useDomainConstraints>
<use>1</use>
<logicalDatatype>LOGDT019</logicalDatatype>
<dataTypePrecision>3</dataTypePrecision>
<ownDataTypeParameters>,3,</ownDataTypeParameters>
<autoIncrementCycle>false</autoIncrementCycle>
</Column>
<Column name="artist_code1" id="F6BC424C-B483-27BE-3837-0E93C1EA695D">
<createdBy>liana</createdBy>
<createdTime>2023-11-17 07:50:22 UTC</createdTime>
<commentInRDBMS><![CDATA[Artist code]]></commentInRDBMS>
<generatorID>7E506DC4-C13C-43B3-5A6A-1ADCF4E27236</generatorID>
<ownerDesignName>mau</ownerDesignName>
<nullsAllowed>true</nullsAllowed>
<useDomainConstraints>false</useDomainConstraints>
<use>1</use>
<logicalDatatype>LOGDT019</logicalDatatype>
<dataTypePrecision>4</dataTypePrecision>
<ownDataTypeParameters>,,</ownDataTypeParameters>
<previousColumn>false</previousColumn>
<autoIncrementCycle>false</autoIncrementCycle>
<associations>
<colAssociation fkAssociation="E0AE2E86-32DD-4576-B36F-097094111C86" referredColumn="17B0BE4F-0CF2-E1E5-2246-B085D034EB99"/>
</associations>
</Column>
</columns>
<indexes itemClass="oracle.dbtools.crest.model.design.relational.Index">
<ind_PK_UK id="545F3042-0A39-530B-8EAF-BDC54B5B0855" name="ARTIST_PK">
<createdBy>liana</createdBy>
<createdTime>2023-11-17 07:50:22 UTC</createdTime>
<generatorID>3AF68249-4128-0402-0439-535E361A9B2D</generatorID>
<ownerDesignName>mau</ownerDesignName>
<pk>true</pk>
<indexState>Primary Constraint</indexState>
<isSurrogateKey>false</isSurrogateKey>
<indexColumnUsage>
<colUsage columnID="17B0BE4F-0CF2-E1E5-2246-B085D034EB99"/>
</indexColumnUsage>
</ind_PK_UK>
<ind_PK_UK id="D298D197-1F1E-F05B-5ACB-86B9EAB2C3EC" name="ARTIST_ARTIST">
<createdBy>liana</createdBy>
<createdTime>2023-11-17 07:50:22 UTC</createdTime>
<generatorID>935ED12A-0DFE-36B8-A045-45F389605C58</generatorID>
<ownerDesignName>mau</ownerDesignName>
<indexState>Foreign Key</indexState>
<isSurrogateKey>false</isSurrogateKey>
<indexColumnUsage>
<colUsage columnID="F6BC424C-B483-27BE-3837-0E93C1EA695D"/>
</indexColumnUsage>
</ind_PK_UK>
</indexes>
</Table>
