<?xml version = '1.0' encoding = 'UTF-8'?>
<Table class="oracle.dbtools.crest.model.design.relational.Table" directorySegmentName="seg_0" id="2D657455-1AAB-2C28-8378-2CDED2CCA9C8" name="ARTWORK_STYLE">
<createdBy>liana</createdBy>
<createdTime>2023-11-17 07:50:22 UTC</createdTime>
<generatorID>39E22E38-7433-6259-10A8-15D98463F578</generatorID>
<ownerDesignName>mau</ownerDesignName>
<allowColumnReorder>false</allowColumnReorder>
<existDependencyGenerateInDDl>true</existDependencyGenerateInDDl>
<parsed>true</parsed>
<columns itemClass="oracle.dbtools.crest.model.design.relational.Column">
<Column name="art_style_id" id="268E676E-F4C0-78DB-E8C2-43829E5AFE27">
<createdBy>liana</createdBy>
<createdTime>2023-11-17 07:50:22 UTC</createdTime>
<commentInRDBMS><![CDATA[Artwork style ID]]></commentInRDBMS>
<generatorID>D6117834-6C2C-837D-2235-F90FAA763665</generatorID>
<ownerDesignName>mau</ownerDesignName>
<useDomainConstraints>false</useDomainConstraints>
<use>1</use>
<logicalDatatype>LOGDT019</logicalDatatype>
<dataTypePrecision>4</dataTypePrecision>
<ownDataTypeParameters>,4,</ownDataTypeParameters>
<autoIncrementCycle>false</autoIncrementCycle>
</Column>
<Column name="art_style_desc" id="B39330A0-89F6-43C4-1391-A69683A6A5FE">
<createdBy>liana</createdBy>
<createdTime>2023-11-17 07:50:22 UTC</createdTime>
<commentInRDBMS><![CDATA[Artwork style description]]></commentInRDBMS>
<generatorID>DCC1AE8E-1291-5A87-A37D-8282D5A83DD3</generatorID>
<ownerDesignName>mau</ownerDesignName>
<useDomainConstraints>false</useDomainConstraints>
<use>1</use>
<logicalDatatype>LOGDT024</logicalDatatype>
<dataTypeSize>50</dataTypeSize>
<ownDataTypeParameters>50,,</ownDataTypeParameters>
<autoIncrementCycle>false</autoIncrementCycle>
</Column>
</columns>
<indexes itemClass="oracle.dbtools.crest.model.design.relational.Index">
<ind_PK_UK id="EFAF4C90-5F62-5E2E-C9BC-1B7F7FA2A840" name="ARTWORK_STLYE_PK">
<createdBy>liana</createdBy>
<createdTime>2023-11-17 07:50:22 UTC</createdTime>
<generatorID>6453AEE4-FC11-456D-E4B7-717B5DDC47A1</generatorID>
<ownerDesignName>mau</ownerDesignName>
<pk>true</pk>
<indexState>Primary Constraint</indexState>
<isSurrogateKey>false</isSurrogateKey>
<indexColumnUsage>
<colUsage columnID="268E676E-F4C0-78DB-E8C2-43829E5AFE27"/>
</indexColumnUsage>
</ind_PK_UK>
</indexes>
</Table>
